{
   "data":[
      {
         "xs":{
            "x":226.322645526962,
            "y":84.91814510458188
         },
         "ys":{
            "frequency":660
         }
      },
      {
         "xs":{
            "x":218.51808769351135,
            "y":85.37551597272368
         },
         "ys":{
            "frequency":660
         }
      }]
}
