{
    "data":[
        {
            "xs":{
                "0":338.3214102025017,
                "1":286.8948783827702,
                "2":21.84568433662578
            },
            "ys":{
                "0":"WDgTyTdSGRcjJcJjAABQ"
            }
        }
    ]
}