{
    "data":[
        {
            "xs":{
                "0":385.5262585136709,
                "1":336.23547933556256
            },
            "ys":{
                "0":22.499027759485152
            }
        }
    ]
}
